{"gb": [0.6326122905785098, 0.18959200751947472, 0.0638949717260427, 0.03751015341013901, 0.1141604347509198, 0.2902454274848318, 0.2704433716181259, 0.10155723914322168, 0.0348277157061115, 0.04447473268604557, 0.14289925249972182, 0.08799438252658151, 0.17357419375088273, 0.03649479609918968, 0.04230562911897983, 0.027035081589785286, 0.05186995605926038, 0.04232797904924333, 0.06392487973052541, 0.04428591084133734, 0.04874546389897097, 0.1925189098449506, 4.148207005656415, 0.023508711992755494, 0.20923008766059925, 0.12551381835309222, 0.1851739520041627, 0.18458873625161584, 0.22725350032968542, 0.008698914849552434, 0.13829943225676042, 0.18483362340304307, 0.14897943386523596, 0.08445559706780602, 0.7130110061028808, 0.2117491604234075, 0.2596987637331759, 0.16887503066291812, 0.10460745835311792, 0.4556963485309466, 0.2280275754302315, 0.21432014264102817, 0.2846838159187743, 0.13389626835929974, 0.03988545042681642, 0.24625398375716492, 0.1661824752388003, 0.09120558667070673, 0.0758302915622125, 0.075510500343578, 0.4123159641125157, 0.6785347803506796, 0.12350247401705923, 0.1330735360828908, 0.08503473025124994, 0.13587902447814282, 0.5344440074338889, 0.12574877354432495, 0.04143842862735177, 0.14315064513673698, 0.10111106829055036, 0.057649769365274384, 0.08081239437324801, 0.2147493771842858, 0.16531504895137047, 0.018105169187020324, 0.15669219388112332, 0.06218217208107805, 0.034971718309655744, 0.059806018450017345, 0.37567622994306554, 0.09648859442907487, 0.10058361723839834, 0.15089276642887714, 0.03709567313466496, 0.15533964271886852, 0.24130281991409552, 0.14117005146152545, 0.3539367238838016, 0.1984654037702316, 0.2966479536512391, 0.3883217782399967, 0.09330897173031096, 0.023662890703933896, 0.11151258810238324, 0.20083732735808513, 0.018149656600600802, 0.025158521272942148, 0.05922717864219649], "sites": [1, 3, 7, 10, 12, 13, 15, 17, 18, 21, 29, 32, 38, 47, 52, 58, 61, 64, 67, 68, 69, 70, 78, 83, 90, 94, 102, 110, 111, 116, 118, 124, 125, 128, 130, 132, 136, 139, 145, 148, 150, 155, 156, 157, 158, 161, 163, 164, 165, 170, 172, 182, 184, 189, 193, 202, 206, 207, 208, 210, 211, 213, 217, 219, 226, 229, 240, 241, 243, 244, 245, 248, 249, 253, 256, 262, 265, 272, 274, 275, 279, 282, 289, 290, 293, 299, 301, 303, 304], "model_gb": ["/Users/sreejithkrishnanr/ML/Compete/PowerLaws/models/freq1D/model_gb_D_1.pkl", "/Users/sreejithkrishnanr/ML/Compete/PowerLaws/models/freq1D/model_gb_D_3.pkl", "/Users/sreejithkrishnanr/ML/Compete/PowerLaws/models/freq1D/model_gb_D_7.pkl", "/Users/sreejithkrishnanr/ML/Compete/PowerLaws/models/freq1D/model_gb_D_10.pkl", "/Users/sreejithkrishnanr/ML/Compete/PowerLaws/models/freq1D/model_gb_D_12.pkl", "/Users/sreejithkrishnanr/ML/Compete/PowerLaws/models/freq1D/model_gb_D_13.pkl", "/Users/sreejithkrishnanr/ML/Compete/PowerLaws/models/freq1D/model_gb_D_15.pkl", "/Users/sreejithkrishnanr/ML/Compete/PowerLaws/models/freq1D/model_gb_D_17.pkl", "/Users/sreejithkrishnanr/ML/Compete/PowerLaws/models/freq1D/model_gb_D_18.pkl", "/Users/sreejithkrishnanr/ML/Compete/PowerLaws/models/freq1D/model_gb_D_21.pkl", "/Users/sreejithkrishnanr/ML/Compete/PowerLaws/models/freq1D/model_gb_D_29.pkl", "/Users/sreejithkrishnanr/ML/Compete/PowerLaws/models/freq1D/model_gb_D_32.pkl", "/Users/sreejithkrishnanr/ML/Compete/PowerLaws/models/freq1D/model_gb_D_38.pkl", "/Users/sreejithkrishnanr/ML/Compete/PowerLaws/models/freq1D/model_gb_D_47.pkl", "/Users/sreejithkrishnanr/ML/Compete/PowerLaws/models/freq1D/model_gb_D_52.pkl", "/Users/sreejithkrishnanr/ML/Compete/PowerLaws/models/freq1D/model_gb_D_58.pkl", "/Users/sreejithkrishnanr/ML/Compete/PowerLaws/models/freq1D/model_gb_D_61.pkl", "/Users/sreejithkrishnanr/ML/Compete/PowerLaws/models/freq1D/model_gb_D_64.pkl", "/Users/sreejithkrishnanr/ML/Compete/PowerLaws/models/freq1D/model_gb_D_67.pkl", "/Users/sreejithkrishnanr/ML/Compete/PowerLaws/models/freq1D/model_gb_D_68.pkl", "/Users/sreejithkrishnanr/ML/Compete/PowerLaws/models/freq1D/model_gb_D_69.pkl", "/Users/sreejithkrishnanr/ML/Compete/PowerLaws/models/freq1D/model_gb_D_70.pkl", "/Users/sreejithkrishnanr/ML/Compete/PowerLaws/models/freq1D/model_gb_D_78.pkl", "/Users/sreejithkrishnanr/ML/Compete/PowerLaws/models/freq1D/model_gb_D_83.pkl", "/Users/sreejithkrishnanr/ML/Compete/PowerLaws/models/freq1D/model_gb_D_90.pkl", "/Users/sreejithkrishnanr/ML/Compete/PowerLaws/models/freq1D/model_gb_D_94.pkl", "/Users/sreejithkrishnanr/ML/Compete/PowerLaws/models/freq1D/model_gb_D_102.pkl", "/Users/sreejithkrishnanr/ML/Compete/PowerLaws/models/freq1D/model_gb_D_110.pkl", "/Users/sreejithkrishnanr/ML/Compete/PowerLaws/models/freq1D/model_gb_D_111.pkl", "/Users/sreejithkrishnanr/ML/Compete/PowerLaws/models/freq1D/model_gb_D_116.pkl", "/Users/sreejithkrishnanr/ML/Compete/PowerLaws/models/freq1D/model_gb_D_118.pkl", "/Users/sreejithkrishnanr/ML/Compete/PowerLaws/models/freq1D/model_gb_D_124.pkl", "/Users/sreejithkrishnanr/ML/Compete/PowerLaws/models/freq1D/model_gb_D_125.pkl", "/Users/sreejithkrishnanr/ML/Compete/PowerLaws/models/freq1D/model_gb_D_128.pkl", "/Users/sreejithkrishnanr/ML/Compete/PowerLaws/models/freq1D/model_gb_D_130.pkl", "/Users/sreejithkrishnanr/ML/Compete/PowerLaws/models/freq1D/model_gb_D_132.pkl", "/Users/sreejithkrishnanr/ML/Compete/PowerLaws/models/freq1D/model_gb_D_136.pkl", "/Users/sreejithkrishnanr/ML/Compete/PowerLaws/models/freq1D/model_gb_D_139.pkl", "/Users/sreejithkrishnanr/ML/Compete/PowerLaws/models/freq1D/model_gb_D_145.pkl", "/Users/sreejithkrishnanr/ML/Compete/PowerLaws/models/freq1D/model_gb_D_148.pkl", "/Users/sreejithkrishnanr/ML/Compete/PowerLaws/models/freq1D/model_gb_D_150.pkl", "/Users/sreejithkrishnanr/ML/Compete/PowerLaws/models/freq1D/model_gb_D_155.pkl", "/Users/sreejithkrishnanr/ML/Compete/PowerLaws/models/freq1D/model_gb_D_156.pkl", "/Users/sreejithkrishnanr/ML/Compete/PowerLaws/models/freq1D/model_gb_D_157.pkl", "/Users/sreejithkrishnanr/ML/Compete/PowerLaws/models/freq1D/model_gb_D_158.pkl", "/Users/sreejithkrishnanr/ML/Compete/PowerLaws/models/freq1D/model_gb_D_161.pkl", "/Users/sreejithkrishnanr/ML/Compete/PowerLaws/models/freq1D/model_gb_D_163.pkl", "/Users/sreejithkrishnanr/ML/Compete/PowerLaws/models/freq1D/model_gb_D_164.pkl", "/Users/sreejithkrishnanr/ML/Compete/PowerLaws/models/freq1D/model_gb_D_165.pkl", "/Users/sreejithkrishnanr/ML/Compete/PowerLaws/models/freq1D/model_gb_D_170.pkl", "/Users/sreejithkrishnanr/ML/Compete/PowerLaws/models/freq1D/model_gb_D_172.pkl", "/Users/sreejithkrishnanr/ML/Compete/PowerLaws/models/freq1D/model_gb_D_182.pkl", "/Users/sreejithkrishnanr/ML/Compete/PowerLaws/models/freq1D/model_gb_D_184.pkl", "/Users/sreejithkrishnanr/ML/Compete/PowerLaws/models/freq1D/model_gb_D_189.pkl", "/Users/sreejithkrishnanr/ML/Compete/PowerLaws/models/freq1D/model_gb_D_193.pkl", "/Users/sreejithkrishnanr/ML/Compete/PowerLaws/models/freq1D/model_gb_D_202.pkl", "/Users/sreejithkrishnanr/ML/Compete/PowerLaws/models/freq1D/model_gb_D_206.pkl", "/Users/sreejithkrishnanr/ML/Compete/PowerLaws/models/freq1D/model_gb_D_207.pkl", "/Users/sreejithkrishnanr/ML/Compete/PowerLaws/models/freq1D/model_gb_D_208.pkl", "/Users/sreejithkrishnanr/ML/Compete/PowerLaws/models/freq1D/model_gb_D_210.pkl", "/Users/sreejithkrishnanr/ML/Compete/PowerLaws/models/freq1D/model_gb_D_211.pkl", "/Users/sreejithkrishnanr/ML/Compete/PowerLaws/models/freq1D/model_gb_D_213.pkl", "/Users/sreejithkrishnanr/ML/Compete/PowerLaws/models/freq1D/model_gb_D_217.pkl", "/Users/sreejithkrishnanr/ML/Compete/PowerLaws/models/freq1D/model_gb_D_219.pkl", "/Users/sreejithkrishnanr/ML/Compete/PowerLaws/models/freq1D/model_gb_D_226.pkl", "/Users/sreejithkrishnanr/ML/Compete/PowerLaws/models/freq1D/model_gb_D_229.pkl", "/Users/sreejithkrishnanr/ML/Compete/PowerLaws/models/freq1D/model_gb_D_240.pkl", "/Users/sreejithkrishnanr/ML/Compete/PowerLaws/models/freq1D/model_gb_D_241.pkl", "/Users/sreejithkrishnanr/ML/Compete/PowerLaws/models/freq1D/model_gb_D_243.pkl", 