{"recursive_gb": [0.25424443614007963, 0.09782612113598436, 0.08703088933060146, 73.80638560418755, 0.09701297414051337, 0.5932333735740617, 0.5252867988428883, 0.11268229264364893, 0.100583149564384, 0.9571863623717599, 0.17671778498347332, 0.18029182206658326, 0.10942862124749439, 0.12290948266414436, 0.1713918314367525, 0.08624803036042035, 0.12167734901857304, 0.13997670014479285, 0.10950010559863892, 0.30516283911105013, 0.2525544797100739, 6556811.624044151, 0.05962019814695115, 0.22524170425059348, 0.3464582022578879, 0.17044630684616263, 0.5145073101157472, 0.4104678380607199, 1.276064103980964, 0.6242856618519428, 0.12294952031288353, 0.2521941955067869, 0.26789864650426914, 0.2135330148431189, 0.08148466426864912, 0.9409300504487929, 0.37828809342438446, 0.43252984080367857, 0.2240308674255536, 0.17150194745985467, 0.11827256073887864, 0.11013710236379846, 0.12117159413223152, 0.20463377899924157, 0.11114588644739973, 0.13462380854925773, 0.41252698094165985, 0.9285410448825395, 0.08626316274684698, 0.21217504647473523, 0.1833301536245699, 0.0003711541033547805, 0.08341050209841865, 0.008031883136828429, 0.6013509048231181, 25.67662466342553, 17.774798145386647, 0.09025848566678314, 0.24714890285469782, 0.1312217079543259, 0.11650547612365288, 0.25760561495347717, 0.19293332616567915, 0.19255016271563513, 0.07397696501945664, 0.08981355942200353, 0.1739996596597122, 75.88793649953972, 0.07462173071991753, 0.15685480252151898, 0.32971100653691776, 0.26650024531519073, 0.7804999825480555, 0.3742731122798017, 0.7455994405897992, 0.324840505527584, 1.8759472500849954, 0.42833263504578145, 0.3411492890919813, 0.7668582671804194, 0.31546890026202545, 0.21482638388038894, 0.18752353357462495, 0.4223312838809707, 0.6554211155484263, 0.26226132549670017, 0.26224651679950683, 0.015279247343789177, 0.2163852122325436], "gb": [0.24356335933654538, 0.10518477397438723, 0.09608947985465029, 16.77182320318478, 0.12396490266948129, 0.38899482499634686, 0.53753177448032, 0.11087060662211214, 0.0694122198468643, 0.4062432486219431, 0.19279253117715664, 0.2062241925103989, 0.11904729208840177, 0.1276472834314259, 0.15921906823904305, 0.08785735104348154, 0.13188129507981253, 0.13900481639460677, 0.11801426114063022, 0.2544101341304088, 0.2649942331850565, 68704.55555145508, 0.07816977177364069, 0.2240946625311209, 0.38115040225130625, 0.16801328379466618, 0.3246605155916543, 0.34327367970737577, 0.5597032546863, 0.6666114841494308, 0.12350454362001302, 0.3235118308514355, 0.244864880989035, 0.22991675072811935, 0.07912730330292882, 1.7951359942968041, 0.4127799373982276, 0.39495756363886303, 0.20326160008294877, 0.16966816201434395, 0.12318649250004432, 0.10687019282817305, 0.12011108125437857, 0.17588067073336103, 0.10995880456641226, 0.10365700035691194, 0.12065911463921646, 0.6950008993782935, 0.07669194702056835, 0.20147760980063864, 0.2240738859693892, 0.0003708257800707037, 0.0862326562116612, 0.03659421331992591, 0.6050744229515506, 2.4554411694253915, 2.1179742649135345, 0.09595500092968301, 0.2946065443067795, 0.14224413811247494, 0.11723383967365235, 0.26133160457155863, 0.16711594709209784, 0.2720268165001121, 0.07526336641009983, 0.05115937485802346, 0.16616060013014144, 246.2032606808043, 0.08333170809158258, 0.15234332107574516, 0.3071689214934827, 0.24756198254504194, 0.32821143499609745, 0.47860637709335063, 1.1792590502935856, 0.35950134972279335, 1.1315229979744947, 0.39639256630945496, 0.26365655458320925, 0.6316020034740298, 0.2344539293879577, 0.22817107274416393, 0.21133233849502472, 0.32266553355930505, 0.6960129536770456, 0.22973406396438453, 0.22973413938103063, 0.09461522707498342, 0.19018490970240734], "sites": [2, 16, 20, 26, 27, 39, 40, 42, 45, 51, 53, 54, 57, 60, 66, 72, 73, 76, 77, 85, 86, 93, 96, 98, 99, 100, 101, 112, 117, 127, 129, 131, 134, 135, 146, 151, 152, 153, 154, 159, 160, 167, 169, 171, 174, 176, 177, 180, 181, 185, 186, 192, 195, 196, 198, 199, 203, 209, 212, 216, 223, 224, 231, 234, 236, 239, 247, 250, 251, 254, 259, 260, 263, 264, 266, 267, 268, 273, 277, 278, 281, 283, 285, 286, 288, 292, 294, 297, 300],