{"gb": [0.24173686729210944, 0.10325272114185217, 0.09986711584049854, 15.178177507499203, 0.11604908762909018, 0.3615005764937607, 0.5298327296634913, 0.11108584074923308, 0.06727688524327638, 0.5282931242405654, 0.18971039617550925, 0.204181676380454, 0.11858752739936383, 0.12995244030844627, 0.1580090586652177, 0.08582444353581475, 0.131919551407537, 0.13824464456130353, 0.11283702987336237, 0.2299283909894917, 0.26562674168520056, 3.839231855058612, 0.0758188293798971, 0.22232118770900972, 0.38223941164732606, 0.16694107848110076, 0.3201519068935161, 0.3452817169751655, 0.5946531068009638, 0.6339129624258102, 0.12025176498425545, 0.29579013763294043, 0.230618739113401, 0.22984366555968394, 0.07429131758330772, 1.985282301689928, 0.40595870526824906, 0.37265786977436804, 0.20557630121841616, 0.17651916978746307, 0.1192473486108644, 0.10548644415284772, 0.11868257832622653, 0.1770444486157618, 0.10903404654782296, 0.10014454226533683, 0.10911190524443562, 0.7088974565468974, 0.07709777094913456, 0.18515653341769758, 0.22968722376694597, 0.0003708257800707037, 0.0822513399389486, 0.024165900100548126, 0.6003829275988871, 2.4581196353807666, 2.455213500915671, 0.09394827730821798, 0.29257593583382346, 0.1410614977078575, 0.1173037894844115, 0.26216281489493215, 0.1689519370180627, 0.2506477717070497, 0.08280135810034282, 0.04893968325560502, 0.16727463784648952, 1.6194820455807122, 0.08086264161414673, 0.15568032617647054, 0.29589239808057144, 0.24505290385535597, 0.31412546365724686, 0.4756341265765814, 1.197621659855302, 0.3454851975489684, 1.116377662372737, 0.4063834254036823, 0.26608297066482983, 0.6032513657036903, 0.23899319866750612, 0.21769800675208248, 0.20655202385917823, 0.31256206202478687, 0.5808412873364455, 0.23630326092455134, 0.23630336113215025, 0.09058979364053014, 0.18106853499562078], "sites": [2, 16, 20, 26, 27, 39, 40, 42, 45, 51, 53, 54, 57, 60, 66, 72, 73, 76, 77, 85, 86, 93, 96, 98, 99, 100, 101, 112, 117, 127, 129, 131, 134, 135, 146, 151, 152, 153, 154, 159, 160, 167, 169, 171, 174, 176, 177, 180, 181, 185, 186, 192, 195, 196, 198, 199, 203, 209, 212, 216, 223, 224, 231, 234, 236, 239, 247, 250, 251, 254, 259, 260, 263, 264, 266, 267, 268, 273, 277, 278, 281, 283, 285, 286, 288, 292, 294, 297, 300], "model_gb": ["/Users/sreejithkrishnanr/ML/Compete/PowerLaws/models/freq1h/model_gb_h_2.pkl", "/Users/sreejithkrishnanr/ML/Compete/PowerLaws/models/freq1h/model_gb_h_16.pkl", "/Users/sreejithkrishnanr/ML/Compete/PowerLaws/models/freq1h/model_gb_h_20.pkl", "/Users/sreejithkrishnanr/ML/Compete/PowerLaws/models/freq1h/model_gb_h_26.pkl", "/Users/sreejithkrishnanr/ML/Compete/PowerLaws/models/freq1h/model_gb_h_27.pkl", "/Users/sreejithkrishnanr/ML/Compete/PowerLaws/models/freq1h/model_gb_h_39.pkl", "/Users/sreejithkrishnanr/ML/Compete/PowerLaws/models/freq1h/model_gb_h_40.pkl", "/Users/sreejithkrishnanr/ML/Compete/PowerLaws/models/freq1h/model_gb_h_42.pkl", "/Users/sreejithkrishnanr/ML/Compete/PowerLaws/models/freq1h/model_gb_h_45.pkl", "/Users/sreejithkrishnanr/ML/Compete/PowerLaws/models/freq1h/model_gb_h_51.pkl", "/Users/sreejithkrishnanr/ML/Compete/PowerLaws/models/freq1h/model_gb_h_53.pkl", "/Users/sreejithkrishnanr/ML/Compete/PowerLaws/models/freq1h/model_gb_h_54.pkl", "/Users/sreejithkrishnanr/ML/Compete/PowerLaws/models/freq1h/model_gb_h_57.pkl", "/Users/sreejithkrishnanr/ML/Compete/PowerLaws/models/freq1h/model_gb_h_60.pkl", "/Users/sreejithkrishnanr/ML/Compete/PowerLaws/models/freq1h/model_gb_h_66.pkl", "/Users/sreejithkrishnanr/ML/Compete/PowerLaws/models/freq1h/model_gb_h_72.pkl", "/Users/sreejithkrishnanr/ML/Compete/PowerLaws/models/freq1h/model_gb_h_73.pkl", "/Users/sreejithkrishnanr/ML/Compete/PowerLaws/models/freq1h/model_gb_h_76.pkl", "/Users/sreejithkrishnanr/ML/Compete/PowerLaws/models/freq1h/model_gb_h_77.pkl", "/Users/sreejithkrishnanr/ML/Compete/PowerLaws/models/freq1h/model_gb_h_85.pkl", "/Users/sreejithkrishnanr/ML/Compete/PowerLaws/models/freq1h/model_gb_h_86.pkl", "/Users/sreejithkrishnanr/ML/Compete/PowerLaws/models/freq1h/model_gb_h_93.pkl", "/Users/sreejithkrishnanr/ML/Compete/PowerLaws/models/freq1h/model_gb_h_96.pkl", "/Users/sreejithkrishnanr/ML/Compete/PowerLaws/models/freq1h/model_gb_h_98.pkl", "/Users/sreejithkrishnanr/ML/Compete/PowerLaws/models/freq1h/model_gb_h_99.pkl", "/Users/sreejithkrishnanr/ML/Compete/PowerLaws/models/freq1h/model_gb_h_100.pkl", "/Users/sreejithkrishnanr/ML/Compete/PowerLaws/models/freq1h/model_gb_h_101.pkl", "/Users/sreejithkrishnanr/ML/Compete/PowerLaws/models/freq1h/model_gb_h_112.pkl", "/Users/sreejithkrishnanr/ML/Compete/PowerLaws/models/freq1h/model_gb_h_117.pkl", "/Users/sreejithkrishnanr/ML/Compete/PowerLaws/models/freq1h/model_gb_h_127.pkl", "/Users/sreejithkrishnanr/ML/Compete/PowerLaws/models/freq1h/model_gb_h_129.pkl", "/Users/sreejithkrishnanr/ML/Compete/PowerLaws/models/freq1h/model_gb_h_131.pkl", "/Users/sreejithkrishnanr/ML/Compete/PowerLaws/models/freq1h/model_gb_h_134.pkl", "/Users/sreejithkrishnanr/ML/Compete/PowerLaws/models/freq1h/model_gb_h_135.pkl", "/Users/sreejithkrishnanr/ML/Compete/PowerLaws/models/freq1h/model_gb_h_146.pkl", "/Users/sreejithkrishnanr/ML/Compete/PowerLaws/models/freq1h/model_gb_h_151.pkl", "/Users/sreejithkrishnanr/ML/Compete/PowerLaws/models/freq1h/model_gb_h_152.pkl", "/Users/sreejithkrishnanr/ML/Compete/PowerLaws/models/freq1h/model_gb_h_153.pkl", "/Users/sreejithkrishnanr/ML/Compete/PowerLaws/models/freq1h/model_gb_h_154.pkl", "/Users/sreejithkrishnanr/ML/Compete/PowerLaws/models/freq1h/model_gb_h_159.pkl", "/Users/sreejithkrishnanr/ML/Compete/PowerLaws/models/freq1h/model_gb_h_160.pkl", "/Users/sreejithkrishnanr/ML/Compete/PowerLaws/models/freq1h/model_gb_h_167.pkl", "/Users/sreejithkrishnanr/ML/Compete/PowerLaws/models/freq1h/model_gb_h_169.pkl", "/Users/sreejithkrishnanr/ML/Compete/PowerLaws/models/freq1h/model_gb_h_171.pkl", "/Users/sreejithkrishnanr/ML/Compete/PowerLaws/models/freq1h/model_gb_h_174.pkl", "/Users/sreejithkrishnanr/ML/Compete/PowerLaws/models/freq1h/model_gb_h_176.pkl", "/Users/sreejithkrishnanr/ML/Compete/PowerLaws/models/freq1h/model_gb_h_177.pkl", "/Users/sreejithkrishnanr/ML/Compete/PowerLaws/models/freq1h/model_gb_h_180.pkl", "/Users/sreejithkrishnanr/ML/Compete/PowerLaws/models/freq1h/model_gb_h_181.pkl", "/Users/sreejithkrishnanr/ML/Compete/PowerLaws/models/freq1h/model_gb_h_185.pkl", "/Users/sreejithkrishnanr/ML/Compete/PowerLaws/models/freq1h/model_gb_h_186.pkl", "/Users/sreejithkrishnanr/ML/Compete/PowerLaws/models/freq1h/model_gb_h_192.pkl", "/Users/sreejithkrishnanr/ML/Compete/PowerLaws/models/freq1h/model_gb_h_195.pkl", "/Users/sreejithkrishnanr/ML/Compete/PowerLaws/models/freq1h/model_gb_h_196.pkl", "/Users/sreejithkrishnanr/ML/Compete/PowerLaws/models/freq1h/model_gb_h_198.pkl", "/Users/sreejithkrishnanr/ML/Compete/PowerLaws/models/freq1h/model_gb_h_199.pkl", "/Users/sreejithkrishnanr/ML/Compete/PowerLaws/models/freq1h/model_gb_h_203.pkl", "/Users/sreejithkrishnanr/ML/Compete/PowerLaws/models/freq1h/model_gb_h_209.pkl", "/Users/sreejithkrishnanr/ML/Compete/PowerLaws/models/freq1h/model_gb_h_212.pkl", "/Users/sreejithkrishnanr/ML/Compete/PowerLaws/models/freq1h/model_gb_h_216.pkl", "/Users/sreejithkrishnanr/ML/Compete/PowerLaws/models/freq1h/model_gb_h_223.pkl", "/Users/sreejithkrishnanr/ML/Compete/PowerLaws/models/freq1h/model_gb_h_224.pkl", "/Users/sreejithkrishnanr/ML/Compete/PowerLaws/models/freq1h/model_gb_h_231.pkl", "/Users/sreejithkrishnanr/ML/Compete/PowerLaws/models/freq1h/model_gb_h_234.pkl", "/Users/sreejithkrishnanr/ML/Compete/PowerLaws/models/freq1h/model_gb_h_236.pkl", "/Users/sreejithkrishnanr/ML/Compete/PowerLaws/models/freq1h/model_gb_h_239.pkl", "/Users/sreejithkrishnanr/ML/Compete/PowerLaws/models/freq1h/model_gb_h_247.pkl", "/Users/sreejithkrishnanr/ML/Compete/PowerLaws/models/freq1h/model_gb_h_250.pkl", "/Users/sreejithkrishnanr/ML/Compete/PowerLaws/models/freq1h/model_gb_h_251.pkl", "/Users/sreejithkrishnanr/ML/Compete/PowerLaws/models/freq1h/model_gb_h_254.pkl", 