{"gb": [0.2469728760069515, 0.1074139920212318, 0.09944075796666155, 2.0810797566419534, 0.11834575732377509, 0.3759713643755181, 0.5334724080509906, 0.10673944154390214, 0.0782781584116478, 0.41571123312469044, 0.18201081700051266, 0.2091241106412334, 0.11855637307557806, 0.1274977879640209, 0.15848623148767552, 0.08572365782668391, 0.13163936722816147, 0.14094544033255457, 0.11626550004998999, 0.23839083610021972, 0.26055673450313566, 1.566560598790779, 0.07046260958627952, 0.22549421925529334, 0.3696190174847983, 0.16077277731699038, 0.3367630501213155, 0.3397191976588159, 0.5315637378024126, 0.6481474383706427, 0.12396299713626553, 0.3003471632509052, 0.23218431595017933, 0.22268495979207212, 0.07618275350103101, 1.7251510452586196, 0.39346502058776106, 0.38113896907932293, 0.204923587068647, 0.20400928675221464, 0.11862844162359218, 0.1017083038813061, 0.11717329567170147, 0.17332744085630708, 0.11071417892044404, 0.10289859255738056, 0.13179873880036194, 0.728848697270323, 0.07612983367144607, 0.19661259795037947, 0.23968576739875197, 0.0003708257800707037, 0.09117975893609037, 0.018824001300654147, 0.6010373944764176, 2.041794363555609, 2.937093831142136, 0.09478029954758935, 0.28715795325168775, 0.15125915890927064, 0.11625911457290777, 0.3386270254954092, 0.17362275862707746, 0.2706458631436575, 0.0781144678428175, 0.0507383088588564, 0.16402060357857737, 1.6123034136186736, 0.07069660413828867, 0.15444548857711501, 0.30279775194908826, 0.24541857975784376, 0.3163269903615759, 0.4444545232778332, 1.0981183783633788, 0.33378628987271497, 1.1018535078452116, 0.4028748854768935, 0.26478328635463566, 0.600249622662175, 0.2426319193248042, 0.22311443628545072, 0.20999205405105903, 0.3122793004009348, 0.6479856381059558, 0.2393421754795175, 0.23934235236331966, 0.13303052783702085, 0.1830555228099183], "gb_stat": [0.24636218570133941, 0.13353937726204054, 0.10233878469292265, 2.412350227555639, 0.1288631702793777, 0.392130373510095, 0.5706178735440929, 0.11076723157428713, 0.06758887448717467, 0.44099486755708533, 0.18070016577622164, 0.20179591470910369, 0.11572934370365062, 0.12951615543663533, 0.16031461298493296, 0.0877607602589446, 0.13274798242604877, 0.14192469184741668, 0.12492188069788908, 0.24938103714869644, 0.26629775705428155, 2.7280033885047326, 0.11126447035198744, 0.2383428151216363, 0.36902549136990626, 0.20548303088434944, 0.372136165399718, 0.3426754449694525, 0.6568038037934472, 0.6564840317905031, 0.12456020107744563, 0.30814870438243647, 0.2386899130831652, 0.2304448106482676, 0.07734423378269499, 2.249013827157506, 0.39662606214248564, 0.39594749922535477, 0.21062764000162468, 0.2182785188377682, 0.12317772793831117, 0.10547356785833704, 0.11592714998304565, 0.18013950760448877, 0.1162112087152741, 0.10366367694225552, 0.12840690177190942, 0.7464949809095729, 0.07705251117221729, 0.2197214727375077, 0.24375959840036535, 1.8293969457315886e-08, 0.08706803767497479, 0.019444115760426216, 0.6013581995542078, 5.605130861557553, 4.357056700188183, 0.09821462921065868, 0.3048399860497733, 0.14736600829959787, 0.11682483438918793, 0.3782392314200957, 0.17388110588432826, 0.27274961260761155, 0.08104189256551875, 0.047406824453920623, 0.16485515816494897, 1.6525497299107321, 0.09557448458254628, 0.16075407216841048, 0.3023988796346914, 0.25895996390492015, 0.34587014999909543, 0.5637684132283104, 1.0831979886902954, 0.33879277180446016, 1.1293015490364875, 0.4041723367843924, 0.27278734620987766, 0.6438033668740871, 0.24857474247319852, 0.22479101510640967, 0.2222589043639581, 0.3210526350750496, 0.5449869299510388, 0.24850111737814481, 0.24850103456998063, 0.0808856560176816, 0.1862754396443001], "sites": [2, 16, 20, 26, 27, 39, 40, 42, 45, 51, 53, 54, 57, 60, 66, 72, 73, 76, 77, 85, 86, 93, 96, 98, 99, 100, 101, 112, 117, 127, 129, 131, 134, 135, 146, 151, 152, 153, 154, 159, 160, 167, 169, 171, 174, 176, 177, 180, 181, 185, 186, 192, 195, 196, 198, 199, 203, 209, 212, 216, 223, 224, 231, 234, 236, 239, 247, 250, 251, 254, 259, 260, 263, 264, 266, 267, 268, 273, 277, 278, 281, 283, 285, 286, 288, 292, 294, 297, 300],