{"gb": [0.22241471126383136, 0.1392668817520364, 0.1741362781370521, 0.38981700005789993, 0.18456500854876035, 0.15740096879078924, 0.39013465620615495, 0.36370933202796624, 0.2434699963267649, 0.19750020074119473, 0.15351929451530394, 0.2020654263639742, 0.2277314769795084, 0.1931573678932923, 0.2226675001856997, 0.19469470835050487, 0.15636832622661886, 0.17669885037992306, 0.17421258525765762, 0.17361950246520652, 0.20041531185996997, 0.23685583442603597, 0.2029447324652063, 0.168459276991547, 0.15563638544921324, 0.24373671413704778, 0.2204266715513183, 0.23775704234682016, 0.32212912619993356, 0.9631091395714796, 0.24621359702155438, 0.2033047707143007, 0.20550278154335633, 4.319576965345802, 0.363876354882994, 0.09871571526568586, 0.09893312437372184, 0.500442659891511, 0.6385789464513233, 0.2877631892309334, 0.8363648350120515, 0.4873453895504598, 0.1305437094883471, 0.26437043941315774, 0.14856048967448163, 0.20846496760857217, 0.20094484523495945, 0.16516320448791802, 0.14930720987213764, 0.1865782123732648, 0.2548550300098415, 0.5605407128625498, 0.17913836798926408, 0.23077739006222767, 0.08909127598571547, 0.1554898901369424, 1.4085636994570379, 1.1507035967292794, 0.13630724235228006, 0.229086982507861, 0.6300479256357531, 0.16635950354814488, 1.9750660725248699, 0.15262892420922286, 0.15787919204707032, 0.1716604990613799, 0.1761375943032617, 0.2336185500453325, 0.2097345312315736, 0.17256028009045352, 0.2593140679244047, 0.11729148517626088, 0.11886095248288481, 0.2589337495797826, 0.20704786296266456, 0.19678500451204498, 0.22226398202424097, 0.649575902727519, 0.7239378371593932, 0.3373563081851036, 0.5578414136492604, 0.3642439878294236, 0.36108326464496415, 0.29651655044891334, 0.23895325473543486, 0.2815397551811081, 0.4468672959609672, 0.10470794382324823, 0.4228858645872757], "sites": [5, 6, 8, 9, 11, 14, 19, 22, 23, 25, 33, 34, 41, 43, 44, 46, 48, 49, 50, 59, 62, 63, 65, 74, 75, 84, 87, 88, 89, 92, 105, 106, 107, 108, 109, 115, 119, 120, 121, 122, 123, 126, 140, 141, 142, 143, 149, 162, 173, 175, 178, 183, 190, 191, 194, 197, 200, 201, 204, 205, 215, 218, 221, 222, 225, 227, 228, 230, 232, 233, 235, 237, 238, 246, 252, 255, 257, 261, 269, 270, 271, 276, 280, 284, 287, 295, 298, 302, 305], "model_gb": ["/Users/sreejithkrishnanr/ML/Compete/PowerLaws/models/freq900s/model_gb_900s_5.pkl", "/Users/sreejithkrishnanr/ML/Compete/PowerLaws/models/freq900s/model_gb_900s_6.pkl", "/Users/sreejithkrishnanr/ML/Compete/PowerLaws/models/freq900s/model_gb_900s_8.pkl", "/Users/sreejithkrishnanr/ML/Compete/PowerLaws/models/freq900s/model_gb_900s_9.pkl", "/Users/sreejithkrishnanr/ML/Compete/PowerLaws/models/freq900s/model_gb_900s_11.pkl", "/Users/sreejithkrishnanr/ML/Compete/PowerLaws/models/freq900s/model_gb_900s_14.pkl", "/Users/sreejithkrishnanr/ML/Compete/PowerLaws/models/freq900s/model_gb_900s_19.pkl", "/Users/sreejithkrishnanr/ML/Compete/PowerLaws/models/freq900s/model_gb_900s_22.pkl", "/Users/sreejithkrishnanr/ML/Compete/PowerLaws/models/freq900s/model_gb_900s_23.pkl", "/Users/sreejithkrishnanr/ML/Compete/PowerLaws/models/freq900s/model_gb_900s_25.pkl", "/Users/sreejithkrishnanr/ML/Compete/PowerLaws/models/freq900s/model_gb_900s_33.pkl", "/Users/sreejithkrishnanr/ML/Compete/PowerLaws/models/freq900s/model_gb_900s_34.pkl", "/Users/sreejithkrishnanr/ML/Compete/PowerLaws/models/freq900s/model_gb_900s_41.pkl", "/Users/sreejithkrishnanr/ML/Compete/PowerLaws/models/freq900s/model_gb_900s_43.pkl", "/Users/sreejithkrishnanr/ML/Compete/PowerLaws/models/freq900s/model_gb_900s_44.pkl", "/Users/sreejithkrishnanr/ML/Compete/PowerLaws/models/freq900s/model_gb_900s_46.pkl", "/Users/sreejithkrishnanr/ML/Compete/PowerLaws/models/freq900s/model_gb_900s_48.pkl", "/Users/sreejithkrishnanr/ML/Compete/PowerLaws/models/freq900s/model_gb_900s_49.pkl", "/Users/sreejithkrishnanr/ML/Compete/PowerLaws/models/freq900s/model_gb_900s_50.pkl", "/Users/sreejithkrishnanr/ML/Compete/PowerLaws/models/freq900s/model_gb_900s_59.pkl", "/Users/sreejithkrishnanr/ML/Compete/PowerLaws/models/freq900s/model_gb_900s_62.pkl", "/Users/sreejithkrishnanr/ML/Compete/PowerLaws/models/freq900s/model_gb_900s_63.pkl", "/Users/sreejithkrishnanr/ML/Compete/PowerLaws/models/freq900s/model_gb_900s_65.pkl", "/Users/sreejithkrishnanr/ML/Compete/PowerLaws/models/freq900s/model_gb_900s_74.pkl", "/Users/sreejithkrishnanr/ML/Compete/PowerLaws/models/freq900s/model_gb_900s_75.pkl", "/Users/sreejithkrishnanr/ML/Compete/PowerLaws/models/freq900s/model_gb_900s_84.pkl", "/Users/sreejithkrishnanr/ML/Compete/PowerLaws/models/freq900s/model_gb_900s_87.pkl", "/Users/sreejithkrishnanr/ML/Compete/PowerLaws/models/freq900s/model_gb_900s_88.pkl", "/Users/sreejithkrishnanr/ML/Compete/PowerLaws/models/freq900s/model_gb_900s_89.pkl", "/Users/sreejithkrishnanr/ML/Compete/PowerLaws/models/freq900s/model_gb_900s_92.pkl", "/Users/sreejithkrishnanr/ML/Compete/PowerLaws/models/freq900s/model_gb_900s_105.pkl", "/Users/sreejithkrishnanr/ML/Compete/PowerLaws/models/freq900s/model_gb_900s_106.pkl", "/Users/sreejithkrishnanr/ML/Compete/PowerLaws/models/freq900s/model_gb_900s_107.pkl", "/Users/sreejithkrishnanr/ML/Compete/PowerLaws/models/freq900s/model_gb_900s_108.pkl", "/Users/sreejithkrishnanr/ML/Compete/PowerLaws/models/freq900s/model_gb_900s_109.pkl", "/Users/sreejithkrishnanr/ML/Compete/PowerLaws/models/freq900s/model_gb_900s_115.pkl", "/Users/sreejithkrishnanr/ML/Compete/PowerLaws/models/freq900s/model_gb_900s_119.pkl", "/Users/sreejithkrishnanr/ML/Compete/PowerLaws/models/freq900s/model_gb_900s_120.pkl", "/Users/sreejithkrishnanr/ML/Compete/PowerLaws/models/freq900s/model_gb_900s_121.pkl", "/Users/sreejithkrishnanr/ML/Compete/PowerLaws/models/freq900s/model_gb_900s_122.pkl", "/Users/sreejithkrishnanr/ML/Compete/PowerLaws/models/freq900s/model_gb_900s_123.pkl", "/Users/sreejithkrishnanr/ML/Compete/PowerLaws/models/freq900s/model_gb_900s_126.pkl", "/Users/sreejithkrishnanr/ML/Compete/PowerLaws/models/freq900s/model_gb_900s_140.pkl", "/Users/sreejithkrishnanr/ML/Compete/PowerLaws/models/freq900s/model_gb_900s_141.pkl", "/Users/sreejithkrishnanr/ML/Compete/PowerLaws/models/freq900s/model_gb_900s_142.pkl", "/Users/sreejithkrishnanr/ML/Compete/PowerLaws/models/freq900s/model_gb_900s_143.pkl", "/Users/sreejithkrishnanr/ML/Compete/PowerLaws/models/freq900s/model_gb_900s_149.pkl", "/Users/sreejithkrishnanr/ML/Compete/PowerLaws/models/freq900s/model_gb_900s_162.pkl", "/Users/sreejithkrishnanr/ML/Compete/PowerLaws/models/freq900s/model_gb_900s_173.pkl", "/Users/sreejithkrishnanr/ML/Compete/PowerLaws/models/freq900s/model_gb_900s_175.pkl", "/Users/sreejithkrishnanr/ML/Compete/PowerLaws/models/freq900s/model_gb_900s_178.pkl", "/Users/sreejithkrishnanr/ML/Compete/PowerLaws/models/freq900s/model_gb_900s_183.pkl", "/Users/sreejithkrishnanr/ML/Compete/PowerLaws/models/freq900s/model_gb_900s_190.pkl", "/Users/sreejithkrishnanr/ML/Compete/PowerLaws/models/freq900s/model_gb_900s_191.pkl", "/Users/sreejithkrishnanr/ML/Compete/PowerLaws/models/freq900s/model_gb_900s_194.pkl", "/Users/sreejithkrishnanr/ML/Compete/PowerLaws/models/freq900s/model_gb_900s_197.pkl", "/Users/sreejithkrishnanr/ML/Compete/PowerLaws/models/freq900s/model_gb_900s_200.pkl", "/Users/sreejithkrishnanr/ML/Compete/PowerLaws/models/freq900s/model_gb_900s_201.pkl", "/Users/sreejithkrishnanr/ML/Compete/PowerLaws/models/freq900s/model_gb_900s_204.pkl", "/Users/sreejithkrishnanr/ML/Compete/PowerLaws/models/freq900s/model_gb_900s_205.pkl", "/Users/sreejithkrishnanr/ML/Compete/PowerLaws/models/freq900s/model_gb_900s_215.pkl", "/Users/sreejithkrishnanr/ML/Compete/PowerLaws/models/freq900s/model_gb_900s_218.pkl", "/Users/sreejithkrishnanr/ML/Compete/PowerLaws/models/freq900s/model_gb_900s_221.pkl", "/Users/sreejithkrishnanr/ML/Compete/PowerLaws/models/freq900s/model_gb_900s_222.pkl", "/Users/sreejithkrishnanr/ML/Compete/PowerLaws/models/freq900s/model_gb_900s_225.pkl", "/Users/sreejithkrishnanr/ML/Compete/PowerLaws/models/freq900s/model_gb_900s_227.pkl", 