{"gb": [0.21563469905897184, 0.13831592503003623, 0.17471207073477388, 0.36639931674777476, 0.1841107990737831, 0.1551356788002616, 0.40168225933422463, 0.3524925869891985, 0.13410607752844914, 0.19822365130817696, 0.15287907774559162, 0.2021170558767644, 0.2382624832465047, 0.19737751418024096, 0.23705087954304624, 0.19029176054994615, 0.15474342483883882, 0.1764141487672674, 0.1717776358348891, 0.17216132844150747, 0.2018438211949403, 0.23858276868019732, 0.22112678106945158, 0.16984128595579917, 0.1924299389440568, 0.24292704333747964, 0.21912184328432466, 0.23875053366665042, 0.31858826019709147, 0.9449340938796352, 0.23996874367371665, 0.2014581688914562, 0.20074982303439373, 4.2097846306868, 0.36772654252086945, 0.0993180586686875, 0.09926406995579513, 0.5019186317752313, 0.627984644677876, 0.27654496457646255, 0.8655958384781353, 0.5051755419907694, 0.13097476303727276, 0.2699065116688529, 0.14436229311306414, 0.21276630663343984, 0.2004956500915717, 0.16320693626516908, 0.14978056600386283, 0.1854029426291824, 0.24693821285097567, 0.5592952306175524, 0.1756335133145882, 0.22156427449783084, 0.08909127598571547, 0.1533449839086068, 1.408946835330197, 1.1491034424550524, 0.13307541666880973, 0.24488646426534313, 0.6343113077248062, 0.164093091496603, 2.4094122767240624, 0.1520060801153616, 0.15108667198386583, 0.17135646520154754, 0.17711723558424786, 0.22903443932615378, 0.20864079192717302, 0.1755301746225234, 0.27038784592205833, 0.11793691941402504, 0.1179725442887679, 0.24779453766969112, 0.20636321841825664, 0.199110989578611, 0.19678357874598998, 0.75713826396121, 0.7124732670252697, 0.33699153953116584, 0.5474539115540442, 0.36443097482018627, 0.36109182551924857, 0.3018154262571484, 0.2400071745696841, 0.2920337882998771, 0.4532802267049086, 0.10303531366098803, 0.3924852555723597], "gb_stat": [0.16248013705685038, 0.11059169419774129, 0.1862634119568572, 0.3762885715222884, 0.1617147104606573, 0.1271398988708651, 0.42210648360809366, 0.36226517797070173, 0.1331902071407547, 0.176259539462994, 0.12326944631184956, 0.23423945163076634, 0.20552037853823363, 0.22519736949664187, 0.18112865576174372, 0.16409601416796923, 0.16020692115260438, 0.16070449350648305, 0.14430339781635254, 0.15297648373607892, 0.18509293358683443, 0.22166402224523393, 0.23655842221395484, 0.14412900465695289, 0.2070124465576514, 0.26517274907071553, 0.2013521865282685, 0.23243488040842536, 0.41025721249970976, 1.002138342280346, 0.16837468703299496, 0.1792255515539488, 0.18436852769552903, 5.825987925977411, 0.3908930064001374, 0.025197955209754038, 0.016597951920552228, 0.4853692486881186, 0.6407182099929175, 0.2676991970600069, 0.6830419177607835, 0.604951625466766, 0.09084625239136282, 0.273912042218483, 0.12335478704352966, 0.1954032192728594, 0.17108937505950383, 0.1378305929992908, 0.10778891236159527, 0.17073911234102865, 0.26084854642252137, 0.5636345077132023, 0.14735314402096789, 0.2329326937436443, 0.008011876079602083, 0.12304992750098694, 1.4057698219222299, 1.1466157702048256, 0.0788393752782343, 0.1879395092019731, 0.6514798174692056, 0.1393174047368042, 3.2184773636870734, 0.1280884544220417, 0.13258967064112961, 0.15467668419133063, 0.16093962506659124, 0.22749039533102625, 0.17947649176694855, 0.14839181301753118, 0.24247756549289715, 0.06903548516598369, 0.0871504090926213, 0.25688864462747235, 0.19030457810628112, 0.17214759649240644, 0.22464536651524808, 1.1187548476486917, 0.775635574437283, 0.32394832015937347, 0.5499452909295525, 0.3549981822835976, 0.3630788670245692, 0.32446554957801754, 0.23124413824973947, 0.29667972519075847, 0.5217542762333465, 0.03138769494696254, 0.35862400340683676], "sites": [5, 6, 8, 9, 11, 14, 19, 22, 23, 25, 33, 34, 41, 43, 44, 46, 48, 49, 50, 59, 62, 63, 65, 74, 75, 84, 87, 88, 89, 92, 105, 106, 107, 108, 109, 115, 119, 120, 121, 122, 123, 126, 140, 141, 142, 143, 149, 162, 173, 175, 178, 183, 190, 191, 194, 197, 200, 201, 204, 205, 215, 218, 221, 222, 225, 227, 228, 230, 232, 233, 235, 237, 238, 246, 252, 255, 257, 261, 269, 270, 271, 276, 280, 284, 287, 295, 298, 302, 305],